input,n,algorithm,repetitions,mean_ms,comparisons,moves,extra_record_bytes,max_recursion_depth,sorted,permutation_preserved,equal_key_order
random,1000,insertion,5,0.623800,256523,257527,16,1,yes,yes,n/a
random,1000,merge,5,0.078600,8683,19952,16000,11,yes,yes,n/a
random,1000,heap,5,0.127000,16825,27135,16,1,yes,yes,n/a
sorted,1000,insertion,5,0.002400,999,1998,16,1,yes,yes,n/a
sorted,1000,merge,5,0.025400,4932,19952,16000,11,yes,yes,n/a
sorted,1000,heap,5,0.087800,17583,29124,16,1,yes,yes,n/a
reverse,1000,insertion,5,0.961800,499500,501498,16,1,yes,yes,n/a
reverse,1000,merge,5,0.027800,5044,19952,16000,11,yes,yes,n/a
reverse,1000,heap,5,0.092600,15965,24948,16,1,yes,yes,n/a
few_unique,1000,insertion,5,0.497200,237490,238491,16,1,yes,yes,yes
few_unique,1000,merge,5,0.071200,8603,19952,16000,11,yes,yes,yes
few_unique,1000,heap,5,0.090800,16276,25713,16,1,yes,yes,no
random,2000,insertion,5,3.215600,999415,1001425,16,1,yes,yes,n/a
random,2000,merge,5,0.289800,19384,43904,32000,12,yes,yes,n/a
random,2000,heap,5,0.562200,37767,60471,16,1,yes,yes,n/a
sorted,2000,insertion,5,0.005000,1999,3998,16,1,yes,yes,n/a
sorted,2000,merge,5,0.051000,10864,43904,32000,12,yes,yes,n/a
sorted,2000,heap,5,0.174800,39159,63900,16,1,yes,yes,n/a
reverse,2000,insertion,5,4.799200,1999000,2002998,16,1,yes,yes,n/a
reverse,2000,merge,5,0.344600,11088,43904,32000,12,yes,yes,n/a
reverse,2000,heap,5,0.213000,35964,56124,16,1,yes,yes,n/a
few_unique,2000,insertion,5,2.511800,935138,937138,16,1,yes,yes,yes
few_unique,2000,merge,5,0.173000,19071,43904,32000,12,yes,yes,yes
few_unique,2000,heap,5,0.208800,36463,57609,16,1,yes,yes,no
random,4000,insertion,5,9.181000,3984080,3988090,16,1,yes,yes,n/a
random,4000,merge,5,0.441400,42819,95808,64000,13,yes,yes,n/a
random,4000,heap,5,0.594000,83444,132900,16,1,yes,yes,n/a
sorted,4000,insertion,5,0.009400,3999,7998,16,1,yes,yes,n/a
sorted,4000,merge,5,0.113800,23728,95808,64000,13,yes,yes,n/a
sorted,4000,heap,5,0.433200,86576,141426,16,1,yes,yes,n/a
reverse,4000,insertion,5,15.108000,7998000,8005998,16,1,yes,yes,n/a
reverse,4000,merge,5,0.112200,24176,95808,64000,13,yes,yes,n/a
reverse,4000,heap,5,0.390400,80151,124308,16,1,yes,yes,n/a
few_unique,4000,insertion,5,7.523600,3764476,3768476,16,1,yes,yes,yes
few_unique,4000,merge,5,0.292400,42151,95808,64000,13,yes,yes,yes
few_unique,4000,heap,5,0.429400,79957,125496,16,1,yes,yes,no
random,8000,insertion,5,32.831600,16196353,16204356,16,1,yes,yes,n/a
random,8000,merge,5,0.961000,93593,207616,128000,14,yes,yes,n/a
random,8000,heap,5,1.147200,182942,290100,16,1,yes,yes,n/a
sorted,8000,insertion,5,0.018000,7999,15998,16,1,yes,yes,n/a
sorted,8000,merge,5,0.293000,51456,207616,128000,14,yes,yes,n/a
sorted,8000,heap,5,0.818800,189377,307914,16,1,yes,yes,n/a
reverse,8000,insertion,5,58.002400,31996000,32011998,16,1,yes,yes,n/a
reverse,8000,merge,5,0.259600,52352,207616,128000,14,yes,yes,n/a
reverse,8000,heap,5,1.026600,176057,272328,16,1,yes,yes,n/a
few_unique,8000,insertion,5,29.400000,14791001,14799000,16,1,yes,yes,yes
few_unique,8000,merge,5,0.700200,91975,207616,128000,14,yes,yes,yes
few_unique,8000,heap,5,0.977000,175274,274071,16,1,yes,yes,no
